full_name,email,phone,whatsapp_number
Alice Johnson,alice.johnson@example.com,+1234567001,+1234567001
Bob Smith,bob.smith@example.com,+1234567002,+1234567002
Carol Williams,carol.williams@example.com,+1234567003,+1234567003
David Brown,david.brown@example.com,+1234567004,+1234567004
Eva Martinez,eva.martinez@example.com,+1234567005,+1234567005
Frank Garcia,frank.garcia@example.com,+1234567006,+1234567006
Grace Lee,grace.lee@example.com,+1234567007,+1234567007
Henry Wilson,henry.wilson@example.com,+1234567008,+1234567008
Ivy Anderson,ivy.anderson@example.com,+1234567009,+1234567009
James Thomas,james.thomas@example.com,+1234567010,+1234567010
Karen Jackson,karen.jackson@example.com,+1234567011,+1234567011
Leo White,leo.white@example.com,+1234567012,+1234567012
Maria Harris,maria.harris@example.com,+1234567013,+1234567013
Nathan Clark,nathan.clark@example.com,+1234567014,+1234567014
Olivia Lewis,olivia.lewis@example.com,+1234567015,+1234567015
Peter Robinson,peter.robinson@example.com,+1234567016,+1234567016
Quinn Walker,quinn.walker@example.com,+1234567017,+1234567017
Rachel Hall,rachel.hall@example.com,+1234567018,+1234567018
Sam Allen,sam.allen@example.com,+1234567019,+1234567019
Tina Young,tina.young@example.com,+1234567020,+1234567020
Uma King,uma.king@example.com,+1234567021,+1234567021
Victor Wright,victor.wright@example.com,+1234567022,+1234567022
Wendy Scott,wendy.scott@example.com,+1234567023,+1234567023
Xavier Adams,xavier.adams@example.com,+1234567024,+1234567024
Yara Nelson,yara.nelson@example.com,+1234567025,+1234567025
Zane Carter,zane.carter@example.com,+1234567026,+1234567026
Amara Patel,amara.patel@example.com,+1234567027,+1234567027
Blake Turner,blake.turner@example.com,+1234567028,+1234567028
Chloe Phillips,chloe.phillips@example.com,+1234567029,+1234567029
Dylan Campbell,dylan.campbell@example.com,+1234567030,+1234567030
Elena Parker,elena.parker@example.com,+1234567031,+1234567031
Felix Evans,felix.evans@example.com,+1234567032,+1234567032
Gina Edwards,gina.edwards@example.com,+1234567033,+1234567033
Hugo Collins,hugo.collins@example.com,+1234567034,+1234567034
Iris Stewart,iris.stewart@example.com,+1234567035,+1234567035
Jake Sanchez,jake.sanchez@example.com,+1234567036,+1234567036
Kira Morris,kira.morris@example.com,+1234567037,+1234567037
Liam Rogers,liam.rogers@example.com,+1234567038,+1234567038
Maya Reed,maya.reed@example.com,+1234567039,+1234567039
Noel Cook,noel.cook@example.com,+1234567040,+1234567040
